157379397|0-27833-689-2|ART|2012-06-24|Hachette Livre|176.99
157379398|5-33677-665-9|PETS|1999-09-11|Groupe Albin Michel|56.99
157379399|4-54819-642-2|MUSIC|1978-08-02|Gakken|50.99
157379400|1-57024-178-5|BODY-MIND-SPIRIT|2003-07-31|Klett|93.99
157379401|8-86370-697-2|DESIGN|1974-08-29|Editora FTD|11.99
157379402|5-12880-961-5|FICTION|1989-08-28|Informa|162.99
157379403|9-50623-971-0|DRAMA|1973-09-04|Bungeishunju|94.99
157379404|4-66144-956-5|LITERARY-COLLECTIONS|2016-07-12|Scholastic |40.99
157379405|5-86005-961-4|NATURE|2000-11-04|Weka|82.99
157379406|8-18150-446-8|LAW|1984-02-11|Westermann Verlagsgruppe|134.99
157379407|8-32038-142-6|FOREIGN-LANGUAGE-STUDY|1985-01-24|Editora FTD|89.99
157379408|4-27018-385-6|STUDY-AIDS|2015-05-08|Saraiva|7.99
157379409|6-95590-911-0|POETRY|1980-08-20|Random House|132.99
157379410|0-72175-308-1|LITERARY-COLLECTIONS|2017-03-31|Informa|34.99
157379411|1-90953-666-3|LANGUAGE-ARTS-DISCIPLINES|1990-07-20|Wolters Kluwer|158.99
157379412|4-91727-848-3|PETS|2012-06-19|Random House|68.99
157379413|7-54174-388-2|GARDENING|2006-04-16|Hachette Livre|184.99
157379414|0-19693-979-6|LANGUAGE-ARTS-DISCIPLINES|2004-03-26|Weka|94.99
157379415|7-43409-192-5|MUSIC|2000-07-27|Perseus|93.99
157379416|6-17954-453-9|NATURE|1981-10-04|Houghton Mifflin Harcourt|153.99
157379417|0-85728-682-3|RELIGION|2016-04-26|OLMA Media Group|88.99
157379418|6-25691-465-0|DRAMA|2015-07-02|Kyowon|119.99
157379419|5-38646-221-7|JUVENILE-NONFICTION|1972-04-10|Lefebvre-Sarrut|50.99
157379420|1-50991-965-8|TRANSPORTATION|1982-08-26|Saraiva|87.99
157379421|0-30807-934-5|PERFORMING-ARTS|1975-05-03|Cengage|132.99
157379422|6-77618-656-7|STUDY-AIDS|2008-07-24|China Education and Media Group |87.99
157379423|3-76711-952-2|HISTORY|1978-08-01|Readers Digest|157.99
157379424|4-58575-984-7|COOKING|1971-01-27|RCS Libri|73.99
157379425|3-41088-110-8|COMPUTERS|1977-02-14|Hachette Livre|61.99
157379426|9-60527-409-0|SOCIAL-SCIENCE|1975-12-15|Groupe Albin Michel|196.99
157379427|1-60347-458-2|PETS|2013-12-17|Phoenix Publishing and Media Company|96.99
157379428|1-92717-238-7|SELF-HELP|2002-05-21|Simon & Schuster|60.99
157379429|8-65162-209-5|PSYCHOLOGY|1993-02-12|Informa|17.99
157379430|2-20346-819-1|LAW|2001-04-19|Harper Collins|197.99
157379431|4-49407-151-6|COOKING|1974-06-07|Shogakukan|173.99
157379432|2-54351-620-3|NATURE|2013-03-16|Flammarion|174.99
157379433|6-50086-328-5|ART|2005-11-05|Springer Science and Business Media|17.99
157379434|5-17342-386-5|SCIENCE|1997-02-24|McGraw-Hill Education|43.99
157379435|4-11297-498-3|FOREIGN-LANGUAGE-STUDY|1980-08-07|Wiley|43.99
157379436|6-86877-384-4|PHILOSOPHY|1995-02-20|De Agostini Editore|80.99
157379437|8-91585-404-2|DESIGN|2009-08-15|Saraiva|125.99
157379438|5-54314-492-9|POLITICAL-SCIENCE|1982-06-03|Reed Elsevier|134.99
157379439|7-57970-841-2|SOCIAL-SCIENCE|2008-09-19|Haufe Gruppe|142.99
157379440|2-55423-767-7|REFERENCE|2000-10-19|Shueisha|86.99
157379441|1-15045-617-3|LANGUAGE-ARTS-DISCIPLINES|1990-02-28|McGraw-Hill Education|30.99
157379442|4-59513-498-7|PERFORMING-ARTS|2008-05-29|Editora FTD|45.99
157379443|4-73281-176-6|BIBLES|2006-09-14|Holtzbrinck|52.99
157379444|6-30142-391-2|BIOGRAPHY-AUTOBIOGRAPHY|1994-08-27|Sanoma|66.99
157379445|4-49606-287-0|TRAVEL|1994-07-20|Lefebvre-Sarrut|24.99
157379446|4-63019-948-3|PETS|1987-11-09|Houghton Mifflin Harcourt|100.99
157379447|3-81978-556-3|GAMES|1992-02-19|Springer Science and Business Media|39.99
157379448|3-53794-585-5|PHILOSOPHY|1999-03-17|Phoenix Publishing and Media Company|187.99
157379449|7-57330-756-6|BIOGRAPHY-AUTOBIOGRAPHY|1991-01-04|China Publishing Group Corporate|149.99
157379450|9-85719-419-7|POETRY|1999-10-04|Shueisha|184.99
157379451|5-19589-152-0|LITERARY-COLLECTIONS|2009-09-13|Editions Atlas|188.99
157379452|4-29850-340-9|POLITICAL-SCIENCE|1984-08-22|Cornelsen|100.99
157379453|3-41113-815-9|FOREIGN-LANGUAGE-STUDY|1978-05-16|AST|187.99
157379454|3-16803-129-2|MATHEMATICS|1994-07-10|Springer Science and Business Media|28.99
157379455|5-35940-980-2|COMPUTERS|1993-06-05|Perseus|101.99
157379456|8-64805-421-9|TRUE-CRIME|1977-01-16|Oxford University Press|26.99
157379457|7-96340-560-9|BUSINESS-ECONOMICS|1996-10-14|Woongjin ThinkBig|49.99
157379458|7-88123-859-2|COMPUTERS|2004-08-30|Grupo Santillana|173.99
157379459|2-79148-457-2|HEALTH-FITNESS|1993-10-02|Klett|36.99
157379460|5-52436-358-9|PETS|1978-02-12|Lefebvre-Sarrut|159.99
157379461|6-41241-952-3|HOUSE-HOME|2004-08-02|Media Participations|179.99
157379462|6-13395-483-8|FOREIGN-LANGUAGE-STUDY|1991-06-12|Oxford University Press|70.99
157379463|7-92781-149-6|JUVENILE-NONFICTION|2000-03-26|Readers Digest|177.99
157379464|6-69714-610-9|SCIENCE|1973-11-30|Simon & Schuster|162.99
157379465|3-94595-695-0|COMPUTERS|2014-09-14|China Publishing Group Corporate|146.99
157379466|2-55874-669-2|BODY-MIND-SPIRIT|1988-01-30|Klett|88.99
157379467|6-73045-571-7|POETRY|2009-03-29|Bungeishunju|78.99
157379468|8-76825-243-2|TRUE-CRIME|1982-06-14|China Education and Media Group |147.99
157379469|1-80889-185-1|STUDY-AIDS|1971-12-13|Saraiva|12.99
157379470|5-10052-439-5|ANTIQUES-COLLECTIBLES|1991-04-14|Shinchosha|40.99
157379471|9-64631-316-1|DRAMA|2007-05-13|Sanoma|62.99
157379472|5-17675-328-9|TRUE-CRIME|1975-01-04|De Agostini Editore|89.99
157379473|2-50428-855-8|PSYCHOLOGY|1982-03-07|Wiley|51.99
157379474|4-52691-501-9|SPORTS-RECREATION|1977-02-04|Shinchosha|104.99
157379475|0-22882-495-2|TRUE-CRIME|1974-07-01|Houghton Mifflin Harcourt|76.99
157379476|8-51777-879-7|TRUE-CRIME|2003-08-06|Weka|99.99
157379477|8-53419-556-7|FAMILY-RELATIONSHIPS|2010-06-16|Cambridge University Press|78.99
157379478|7-64266-495-6|BODY-MIND-SPIRIT|1985-11-14|McGraw-Hill Education|83.99
157379479|5-47700-783-1|JUVENILE-FICTION|2016-09-01|Readers Digest|105.99
157379480|9-40747-763-6|LANGUAGE-ARTS-DISCIPLINES|1988-11-30|Media Participations|105.99
157379481|8-72506-408-6|RELIGION|1994-06-01|Editora FTD|24.99
157379482|3-38254-578-3|PSYCHOLOGY|1988-06-02|Shogakukan|36.99
157379483|1-60389-543-4|FAMILY-RELATIONSHIPS|2012-11-03|China Publishing Group Corporate|18.99
157379484|4-26940-911-5|TRUE-CRIME|2011-09-22|Houghton Mifflin Harcourt|147.99
157379485|5-33782-156-8|RELIGION|1980-07-08|Editora FTD|39.99
157379486|8-81186-910-2|SCIENCE|2011-03-25|Cambridge University Press|88.99
157379487|3-21400-317-7|COMICS-GRAPHIC-NOVELS|2013-06-16|Pearson|156.99
157379488|9-27064-977-8|JUVENILE-FICTION|1974-12-23|Oxford University Press|78.99
157379489|9-94301-179-6|LANGUAGE-ARTS-DISCIPLINES|1983-11-16|Oxford University Press|69.99
157379490|5-58093-233-1|PERFORMING-ARTS|2016-05-16|RCS Libri|80.99
157379491|7-26836-339-8|FAMILY-RELATIONSHIPS|2003-06-17|Media Participations|93.99
157379492|5-73526-301-8|REFERENCE|1999-01-12|Westermann Verlagsgruppe|105.99
157379493|5-96178-498-0|TRAVEL|1978-02-27|Bungeishunju|111.99
157379494|5-81091-478-2|JUVENILE-FICTION|1996-11-30|Kadokawa Publishing|44.99
157379495|2-73465-475-1|POLITICAL-SCIENCE|2015-12-21|Editions Atlas|55.99
157379496|8-10132-507-2|STUDY-AIDS|2010-12-20|Cengage|191.99
157379497|6-91030-887-6|TRAVEL|1977-05-10|Sanoma|60.99
157379498|2-28871-710-0|DRAMA|2011-11-08|Oxford University Press|63.99
157379499|9-11223-663-5|BUSINESS-ECONOMICS|1979-04-06|Woongjin ThinkBig|138.99
157379500|3-77843-917-0|ART|1979-11-11|Editions Atlas|148.99
157379501|6-89209-292-9|HISTORY|1976-07-10|Lefebvre-Sarrut|59.99
157379502|4-32161-192-9|CRAFTS-HOBBIES|1984-01-01|Lefebvre-Sarrut|63.99
157379503|1-19073-319-5|RELIGION|1983-03-28|Shueisha|11.99
157379504|3-22200-211-0|PSYCHOLOGY|2000-11-08|Cornelsen|13.99
157379505|7-21271-235-2|LANGUAGE-ARTS-DISCIPLINES|2016-10-20|Bungeishunju|68.99
157379506|1-71193-517-4|TRANSPORTATION|1987-02-26|Harlequin|47.99
157379507|7-45096-275-1|MEDICAL|1995-05-15|Houghton Mifflin Harcourt|11.99
157379508|2-37956-709-0|EDUCATION|2016-12-22|Editora FTD|168.99
157379509|1-75703-870-3|FOREIGN-LANGUAGE-STUDY|2016-05-17|Mondadori|170.99
157379510|4-58118-674-3|LAW|2003-06-08|Oxford University Press|98.99
157379511|2-87114-852-7|MEDICAL|2016-07-25|Harper Collins|159.99
157379512|9-47017-358-3|EDUCATION|1993-09-10|Mondadori|72.99
157379513|4-10150-714-4|PSYCHOLOGY|1974-03-03|Media Participations|162.99
157379514|0-95243-677-2|DRAMA|2009-03-07|OLMA Media Group|100.99
157379515|0-77200-878-2|MEDICAL|1984-09-09|De Agostini Editore|29.99
157379516|4-16561-758-0|HOUSE-HOME|2009-11-08|McGraw-Hill Education|109.99
157379517|9-63561-988-1|PHILOSOPHY|2003-03-15|OLMA Media Group|52.99
157379518|2-30664-810-0|HOUSE-HOME|1974-06-22|Mondadori|194.99
157379519|9-28735-144-4|BIBLES|1983-09-06|Groupe Gallimard|182.99
157379520|3-60980-562-6|BIOGRAPHY-AUTOBIOGRAPHY|2013-03-17|Cambridge University Press|85.99
157379521|0-30585-716-4|HISTORY|1989-03-23|OLMA Media Group|137.99
157379522|9-40738-366-4|JUVENILE-NONFICTION|1977-11-22|Shueisha|66.99
157379523|0-74831-120-4|TRAVEL|2007-03-10|Editora FTD|17.99
157379524|3-75533-265-2|PETS|2003-07-06|Kyowon|181.99
157379525|8-58832-238-8|BIBLES|1984-12-29|Kodansha|146.99
157379526|2-37831-188-5|REFERENCE|2013-12-30|Harper Collins|107.99
157379527|5-85232-991-0|PERFORMING-ARTS|2009-07-08|Grupo Santillana|92.99
157379528|6-55890-203-4|REFERENCE|2004-06-29|De Agostini Editore|10.99
157379529|1-53930-555-4|TECHNOLOGY-ENGINEERING|1982-01-25|Kadokawa Publishing|128.99
157379530|7-90025-553-9|MEDICAL|1998-02-06|Holtzbrinck|27.99
157379531|0-50323-877-7|BODY-MIND-SPIRIT|1982-02-25|Bungeishunju|132.99
157379532|8-54294-674-6|BIOGRAPHY-AUTOBIOGRAPHY|2008-02-20|Oxford University Press|197.99
157379533|4-62526-386-2|LITERARY-CRITICISM|2001-09-06|Cengage|165.99
157379534|3-65533-539-1|PETS|1999-03-24|Groupe Albin Michel|112.99
157379535|2-55709-781-5|MUSIC|2005-06-04|Weka|155.99
157379536|5-69077-461-9|EDUCATION|1988-07-13|Reed Elsevier|109.99
157379537|9-57794-464-1|BIBLES|1998-08-08|Shueisha|152.99
157379538|6-24407-722-8|ANTIQUES-COLLECTIBLES|1977-10-18|Reed Elsevier|11.99
157379539|7-65118-796-9|TRAVEL|1981-06-19|Oxford University Press|18.99
157379540|2-97923-837-9|HEALTH-FITNESS|1973-05-05|Flammarion|82.99
157379541|4-44582-852-9|GARDENING|1986-08-01|Readers Digest|28.99
157379542|7-80429-841-8|HUMOR|2009-01-27|Media Participations|126.99
157379543|9-81128-616-2|LITERARY-CRITICISM|1990-07-03|RCS Libri|182.99
157379544|3-85801-399-9|FAMILY-RELATIONSHIPS|2013-02-05|Kyowon|118.99
157379545|5-40544-515-7|MUSIC|2010-11-09|De Agostini Editore|55.99
157379546|9-59725-459-1|JUVENILE-FICTION|2013-04-25|AST|182.99
157379547|8-48452-125-6|POLITICAL-SCIENCE|1993-07-18|Random House|17.99
157379548|1-44613-691-1|MEDICAL|1977-10-22|Shinchosha|109.99
157379549|6-94079-529-5|FOREIGN-LANGUAGE-STUDY|1994-12-10|Grupo Santillana|146.99
157379550|4-94308-626-8|FAMILY-RELATIONSHIPS|1982-12-27|Haufe Gruppe|48.99
157379551|2-13958-976-8|PERFORMING-ARTS|2017-03-01|De Agostini Editore|105.99
157379552|1-15268-471-4|LITERARY-COLLECTIONS|2007-07-07|Weka|156.99
157379553|2-86355-635-0|PHILOSOPHY|2003-06-08|Scholastic |23.99
157379554|7-54437-150-6|SELF-HELP|2017-04-10|Woongjin ThinkBig|6.99
157379555|4-71561-741-4|NATURE|1981-10-11|Kodansha|155.99
157379556|2-44167-548-1|ARCHITECTURE|1990-12-13|Editions Atlas|117.99
157379557|5-62576-149-9|SOCIAL-SCIENCE|1973-04-13|Klett|182.99
157379558|6-14155-596-9|GARDENING|1977-02-12|Oxford University Press|142.99
157379559|7-92349-626-0|HOUSE-HOME|1996-07-06|Kodansha|145.99
157379560|1-70391-179-8|PETS|2002-01-28|Haufe Gruppe|38.99
157379561|2-28298-176-2|COMICS-GRAPHIC-NOVELS|1988-05-13|Kodansha|179.99
157379562|0-69700-702-7|PHILOSOPHY|2016-03-10|Grupo Planeta|118.99
157379563|9-48421-461-8|BUSINESS-ECONOMICS|1985-02-04|Harlequin|62.99
157379564|7-17294-525-5|RELIGION|1984-10-01|Media Participations|161.99
157379565|2-30595-393-5|SCIENCE|1975-04-10|Holtzbrinck|38.99
157379566|1-93747-599-0|POETRY|1989-04-10|Cengage|148.99
157379567|6-40565-607-1|POLITICAL-SCIENCE|1978-04-19|McGraw-Hill Education|135.99
157379568|1-40491-305-3|DESIGN|2002-10-26|Groupe Gallimard|121.99
157379569|0-46442-103-3|NATURE|1996-08-18|Media Participations|128.99
157379570|1-21513-832-8|HISTORY|1990-03-21|Haufe Gruppe|82.99
157379571|0-88818-171-2|PHILOSOPHY|1978-11-20|Random House|26.99
157379572|9-57914-866-6|BODY-MIND-SPIRIT|2016-03-05|Woongjin ThinkBig|84.99
157379573|5-84997-283-5|FOREIGN-LANGUAGE-STUDY|1990-05-16|Cambridge University Press|150.99
157379574|8-38649-837-0|LAW|1971-06-22|Harlequin|199.99
157379575|1-50266-727-2|STUDY-AIDS|1993-11-01|Cengage|67.99
157379576|4-36534-964-1|BODY-MIND-SPIRIT|2010-06-05|Shueisha|16.99
157379577|7-52278-835-3|HISTORY|1976-03-27|Hachette Livre|156.99
157379578|8-93437-370-3|HUMOR|1977-09-04|Bungeishunju|150.99
157379579|4-74203-909-6|PHOTOGRAPHY|2017-10-03|RCS Libri|188.99
157379580|6-10851-944-4|LAW|1996-05-11|Cornelsen|148.99
157379581|9-51891-138-5|PETS|2002-12-26|Weka|69.99
157379582|8-96368-213-3|GAMES|1973-11-03|Grupo Santillana|7.99
157379583|1-90040-846-0|ARCHITECTURE|1976-10-23|China Publishing Group Corporate|173.99
157379584|7-82180-377-5|FAMILY-RELATIONSHIPS|2001-01-17|Cengage|130.99
157379585|3-86806-991-4|GARDENING|1973-06-26|Mondadori|140.99
157379586|2-13026-469-4|DESIGN|1991-12-02|Simon & Schuster|135.99
157379587|5-81341-132-8|DESIGN|1986-05-29|AST|17.99
157379588|0-26030-931-7|FAMILY-RELATIONSHIPS|2011-02-15|Perseus|15.99
157379589|2-79069-496-8|EDUCATION|1983-02-25|Harlequin|20.99
157379590|3-63962-719-3|EDUCATION|1978-11-27|Kodansha|68.99
157379591|8-24092-839-8|DESIGN|1970-05-19|Shogakukan|51.99
157379592|5-44575-446-7|COMICS-GRAPHIC-NOVELS|1976-05-29|Shinchosha|87.99
157379593|3-73492-965-8|BODY-MIND-SPIRIT|2010-11-18|Perseus|6.99
157379594|9-62212-449-1|GAMES|1975-06-20|Wiley|23.99
157379595|2-73160-687-9|LANGUAGE-ARTS-DISCIPLINES|1976-08-22|Groupe Gallimard|131.99
157379596|9-68646-415-8|STUDY-AIDS|1998-09-29|Random House|197.99
157379597|3-62725-341-8|HUMOR|2011-03-02|Cornelsen|67.99
157379598|5-13104-125-2|POLITICAL-SCIENCE|2004-12-11|Cengage|34.99
157379599|6-81111-932-0|PSYCHOLOGY|2014-06-10|OLMA Media Group|106.99
157379600|6-42952-895-4|GARDENING|2010-03-08|Cambridge University Press|125.99
157379601|3-73961-574-3|SCIENCE|1972-05-04|Grupo Planeta|147.99
157379602|0-96236-371-1|HUMOR|1998-11-23|Media Participations|28.99
157379603|2-26110-574-5|TRANSPORTATION|2017-09-22|Saraiva|154.99
157379604|0-77108-101-3|PHILOSOPHY|1973-12-15|Wiley|194.99
157379605|9-63087-264-7|SPORTS-RECREATION|1991-06-20|Informa|71.99
157379606|3-12070-317-9|TECHNOLOGY-ENGINEERING|1985-11-08|Simon & Schuster|42.99
157379607|1-88397-968-8|BIBLES|2017-04-19|Cengage|89.99
157379608|6-52492-207-5|FAMILY-RELATIONSHIPS|2008-12-10|Klett|68.99
157379609|9-47651-628-0|RELIGION|1986-12-07|Media Participations|109.99
157379610|7-23784-680-1|LAW|1984-09-13|Mondadori|148.99
157379611|3-37889-529-0|TRUE-CRIME|1999-10-11|Sanoma|23.99
157379612|8-63577-318-3|LITERARY-COLLECTIONS|2003-06-30|Informa|101.99
157379613|4-27714-650-2|EDUCATION|1973-08-11|Kadokawa Publishing|59.99
157379614|9-91177-900-7|TECHNOLOGY-ENGINEERING|2017-07-22|Phoenix Publishing and Media Company|111.99
157379615|2-60993-602-1|POLITICAL-SCIENCE|2002-01-05|China Education and Media Group |193.99
157379616|8-23505-526-4|POLITICAL-SCIENCE|2007-12-30|Flammarion|153.99
157379617|2-46336-236-0|COOKING|2003-07-23|Perseus|93.99
157379618|3-17941-663-2|HISTORY|1981-07-17|Kyowon|120.99
157379619|2-79496-251-0|MEDICAL|1992-02-09|Saraiva|82.99
157379620|2-85807-769-8|JUVENILE-NONFICTION|2013-04-23|Cornelsen|161.99
157379621|9-46724-573-2|PETS|2009-09-21|Readers Digest|58.99
157379622|9-96977-716-9|ANTIQUES-COLLECTIBLES|2017-07-02|Scholastic |66.99
157379623|0-24809-920-5|PETS|1988-04-15|Informa|157.99
157379624|9-55959-852-3|JUVENILE-FICTION|1991-01-15|McGraw-Hill Education|156.99
157379625|9-44818-774-3|GARDENING|1991-07-11|Kodansha|117.99
157379626|8-91670-207-3|DRAMA|1972-08-19|Hachette Livre|194.99
157379627|5-26633-339-0|MATHEMATICS|2006-04-07|Scholastic |156.99
157379628|4-26172-436-2|PERFORMING-ARTS|2010-09-11|Shinchosha|198.99
157379629|2-54416-112-9|STUDY-AIDS|1985-10-07|Shueisha|8.99
157379630|7-82992-672-1|CRAFTS-HOBBIES|2003-08-03|Groupe Gallimard|130.99
157379631|1-31839-165-0|LAW|2012-09-08|Haufe Gruppe|48.99
157379632|8-77912-439-3|DRAMA|1979-07-27|China Publishing Group Corporate|188.99
157379633|0-41980-381-4|HOUSE-HOME|1989-04-09|Grupo Santillana|125.99
157379634|3-76522-571-8|MATHEMATICS|1979-07-07|Lefebvre-Sarrut|16.99
157379635|3-11295-167-1|TECHNOLOGY-ENGINEERING|1977-10-13|Mondadori|7.99
157379636|7-66879-630-4|PERFORMING-ARTS|1983-09-04|Shinchosha|62.99
157379637|1-62209-305-8|SOCIAL-SCIENCE|1994-06-01|Egmont Group|135.99
157379638|2-22066-382-7|ANTIQUES-COLLECTIBLES|1995-12-31|Groupe Gallimard|99.99
157379639|7-58396-828-2|SPORTS-RECREATION|1987-06-04|Harlequin|82.99
157379640|2-51288-471-0|TECHNOLOGY-ENGINEERING|1989-03-06|Harlequin|154.99
157379641|3-77714-173-6|LAW|1981-10-07|Kodansha|66.99
157379642|9-35739-743-8|TRANSPORTATION|1988-04-15|Houghton Mifflin Harcourt|38.99
157379643|8-51588-529-6|TRAVEL|1989-08-21|Westermann Verlagsgruppe|24.99
157379644|6-59265-941-3|HUMOR|2011-06-24|Woongjin ThinkBig|47.99
157379645|8-55719-914-5|ART|1996-06-23|Kadokawa Publishing|181.99
157379646|9-80635-207-8|GARDENING|2014-06-28|Holtzbrinck|171.99
157379647|5-83373-516-2|CRAFTS-HOBBIES|2004-08-01|Woongjin ThinkBig|59.99
157379648|0-74758-796-0|FAMILY-RELATIONSHIPS|1983-01-01|Mondadori|42.99
157379649|3-24236-874-7|REFERENCE|1996-09-26|McGraw-Hill Education|104.99
157379650|8-99914-809-7|TRAVEL|1992-10-31|Cengage|99.99
157379651|9-26102-541-2|HOUSE-HOME|2005-11-18|Random House|67.99
157379652|0-80294-928-7|PSYCHOLOGY|2016-03-19|Groupe Gallimard|10.99
157379653|3-22592-473-5|FAMILY-RELATIONSHIPS|2009-07-24|Springer Science and Business Media|132.99
157379654|5-43820-943-3|BIBLES|2010-05-26|Grupo Planeta|131.99
157379655|4-47969-358-0|PERFORMING-ARTS|1970-12-22|Lefebvre-Sarrut|73.99
157379656|9-47770-589-2|GAMES|2018-02-07|Holtzbrinck|192.99
157379657|9-37378-340-1|TECHNOLOGY-ENGINEERING|2015-02-18|Shogakukan|151.99
157379658|7-54421-894-8|BIBLES|1987-10-21|Readers Digest|198.99
157379659|2-31796-590-9|BODY-MIND-SPIRIT|1989-07-28|Shinchosha|17.99
157379660|0-86842-364-3|PERFORMING-ARTS|1997-09-03|Kadokawa Publishing|189.99
157379661|9-68575-225-9|GARDENING|2006-08-17|Editora FTD|93.99
157379662|1-45103-408-5|HEALTH-FITNESS|1994-02-22|Springer Science and Business Media|198.99
157379663|6-35415-546-4|LITERARY-CRITICISM|2012-06-26|Kodansha|94.99
157379664|7-57782-841-1|REFERENCE|1975-02-18|Springer Science and Business Media|74.99
157379665|8-48239-182-9|BODY-MIND-SPIRIT|1978-05-09|Cambridge University Press|89.99
157379666|5-96257-712-8|PERFORMING-ARTS|2005-03-10|Houghton Mifflin Harcourt|167.99
157379667|7-35009-153-0|MEDICAL|2005-12-30|Grupo Planeta|109.99
157379668|8-75973-661-2|HOUSE-HOME|2005-01-01|Klett|150.99
157379669|5-66311-187-4|RELIGION|1992-06-12|Wolters Kluwer|27.99
157379670|5-44710-551-6|CRAFTS-HOBBIES|1976-12-01|Kyowon|15.99
157379671|2-37107-711-9|MUSIC|2015-02-12|Grupo Santillana|114.99
157379672|1-32661-529-5|TRANSPORTATION|1972-08-13|Groupe Gallimard|41.99
157379673|3-91217-867-5|DESIGN|1992-10-23|Reed Elsevier|70.99
157379674|1-76737-502-9|STUDY-AIDS|2007-09-09|Haufe Gruppe|49.99
157379675|8-14478-137-0|FOREIGN-LANGUAGE-STUDY|2011-01-03|Houghton Mifflin Harcourt|11.99
157379676|1-59225-793-8|FAMILY-RELATIONSHIPS|1970-11-21|Pearson|165.99
157379677|3-92975-802-6|JUVENILE-NONFICTION|2014-08-25|Media Participations|154.99
157379678|4-97057-637-1|CRAFTS-HOBBIES|2015-02-16|Westermann Verlagsgruppe|189.99
157379679|9-80809-203-6|PSYCHOLOGY|1984-12-07|Harlequin|15.99
157379680|7-92224-550-3|MATHEMATICS|1984-03-08|Harlequin|96.99
157379681|8-45318-582-8|COMICS-GRAPHIC-NOVELS|1994-04-01|Woongjin ThinkBig|165.99
157379682|7-98958-353-6|LITERARY-COLLECTIONS|1973-04-14|OLMA Media Group|103.99
157379683|5-16098-718-7|TRUE-CRIME|1983-12-01|Wolters Kluwer|66.99
157379684|3-75695-234-4|STUDY-AIDS|2003-12-06|Scholastic |171.99
157379685|2-22590-148-2|DESIGN|1973-11-12|Oxford University Press|28.99
157379686|4-19158-642-7|FICTION|1981-01-29|Media Participations|172.99
157379687|5-49407-412-2|TRAVEL|1999-02-05|Oxford University Press|75.99
157379688|1-10004-654-8|BIBLES|2010-02-01|Sanoma|95.99
157379689|6-54783-958-7|BUSINESS-ECONOMICS|1998-12-03|Oxford University Press|132.99
157379690|8-31820-443-9|PETS|1989-10-22|Cambridge University Press|44.99
157379691|7-85893-958-8|FAMILY-RELATIONSHIPS|2001-12-03|De Agostini Editore|50.99
157379692|8-30494-675-7|TRAVEL|1990-11-27|Haufe Gruppe|150.99
157379693|3-95710-488-1|PHOTOGRAPHY|1984-12-04|ThomsonReuters|141.99
157379694|6-46152-187-5|HOUSE-HOME|1988-05-28|Harlequin|99.99
157379695|2-78653-239-1|MATHEMATICS|1982-09-20|Kodansha|43.99
157379696|4-37662-970-0|POETRY|1994-11-27|Springer Science and Business Media|171.99
157379697|0-67503-496-0|RELIGION|2012-03-23|Cornelsen|198.99
157379698|5-81900-766-3|ARCHITECTURE|1989-06-22|Hachette Livre|125.99
157379699|9-85839-508-3|TRANSPORTATION|1978-03-08|De Agostini Editore|82.99
157379700|4-77236-534-6|PHOTOGRAPHY|1996-10-16|Shogakukan|49.99
157379701|7-74124-286-6|HUMOR|1985-10-08|Scholastic |149.99
157379702|3-85297-997-6|TRAVEL|2006-08-23|Editora FTD|117.99
157379703|2-66959-352-2|FICTION|1984-12-23|Weka|92.99
157379704|7-31872-560-0|LITERARY-COLLECTIONS|2010-01-21|Grupo Planeta|64.99
157379705|8-95067-184-5|STUDY-AIDS|2010-08-01|Readers Digest|50.99
157379706|9-48278-381-9|STUDY-AIDS|1973-08-27|Shueisha|17.99
157379707|7-25772-533-0|ARCHITECTURE|2013-05-23|Editora FTD|34.99
157379708|8-52139-441-4|JUVENILE-NONFICTION|2000-01-14|Springer Science and Business Media|93.99
157379709|6-52357-658-0|TRANSPORTATION|2015-06-06|Oxford University Press|168.99
157379710|0-43080-930-8|TECHNOLOGY-ENGINEERING|1970-08-27|OLMA Media Group|168.99
157379711|2-66768-911-7|ART|1992-11-26|Oxford University Press|193.99
157379712|4-38314-477-1|BODY-MIND-SPIRIT|2007-05-21|Mondadori|162.99
157379713|3-49994-648-8|FAMILY-RELATIONSHIPS|1996-04-23|Grupo Santillana|181.99
157379714|4-48491-872-0|HISTORY|2014-04-27|Hachette Livre|22.99
157379715|3-36138-906-7|MATHEMATICS|1979-07-16|Groupe Albin Michel|151.99
157379716|9-87302-540-2|NATURE|1995-07-08|Reed Elsevier|24.99
157379717|8-46089-230-5|COMICS-GRAPHIC-NOVELS|2008-09-18|Editora FTD|61.99
157379718|4-35580-454-9|BODY-MIND-SPIRIT|2013-07-19|Informa|32.99
157379719|1-63487-987-8|STUDY-AIDS|2006-01-19|Shogakukan|133.99
157379720|3-76930-110-5|LANGUAGE-ARTS-DISCIPLINES|2009-12-31|ThomsonReuters|73.99
157379721|2-52132-173-0|TRANSPORTATION|1985-05-29|Cambridge University Press|103.99
157379722|1-83385-650-9|POLITICAL-SCIENCE|2009-01-05|Mondadori|164.99
157379723|3-96359-109-1|GAMES|2016-06-23|Wolters Kluwer|77.99
157379724|8-84994-980-6|BODY-MIND-SPIRIT|2011-04-24|Kadokawa Publishing|116.99
157379725|1-66938-840-7|DESIGN|2011-06-04|Media Participations|47.99
157379726|9-50519-862-3|TRANSPORTATION|1990-01-09|Haufe Gruppe|171.99
157379727|0-63100-387-4|RELIGION|1989-04-18|Harper Collins|45.99
157379728|9-97868-794-9|COMPUTERS|2016-12-13|Shogakukan|112.99
157379729|5-26422-284-9|COOKING|1977-02-22|Houghton Mifflin Harcourt|7.99
157379730|5-29399-593-6|PHOTOGRAPHY|1996-11-06|Cambridge University Press|133.99
157379731|9-28150-360-5|HISTORY|2014-09-10|ThomsonReuters|115.99
157379732|4-25670-508-6|EDUCATION|1983-07-27|Haufe Gruppe|112.99
157379733|7-11533-574-9|PHOTOGRAPHY|1991-05-23|Oxford University Press|36.99
157379734|6-13469-764-0|BIOGRAPHY-AUTOBIOGRAPHY|1996-04-16|Saraiva|105.99
157379735|3-19451-108-2|PHILOSOPHY|1999-05-18|Simon & Schuster|6.99
157379736|5-90388-100-4|TRAVEL|1986-08-17|Cambridge University Press|63.99
157379737|4-35995-771-9|POLITICAL-SCIENCE|1992-06-12|Haufe Gruppe|112.99
157379738|5-66870-144-8|MEDICAL|1978-06-23|Sanoma|97.99
157379739|0-52730-137-8|COMICS-GRAPHIC-NOVELS|1978-09-16|Harper Collins|39.99
157379740|8-70932-983-3|FICTION|1997-12-15|Sanoma|23.99
157379741|2-34534-550-6|CRAFTS-HOBBIES|1998-05-28|Media Participations|98.99
157379742|3-51516-591-6|MATHEMATICS|2013-06-17|Lefebvre-Sarrut|41.99
157379743|1-88590-166-4|PSYCHOLOGY|2018-04-06|Bonnier|33.99
157379744|9-33296-160-7|GAMES|1998-05-27|Informa|27.99
157379745|2-77652-987-7|BUSINESS-ECONOMICS|2006-11-17|Groupe Albin Michel|115.99
157379746|8-10591-838-2|HOUSE-HOME|1976-12-18|Random House|139.99
157379747|9-67800-329-1|LAW|1978-12-10|ThomsonReuters|144.99
157379748|7-12438-178-5|HOUSE-HOME|2000-04-19|Springer Science and Business Media|54.99
157379749|6-32366-411-0|STUDY-AIDS|2001-06-12|OLMA Media Group|40.99
157379750|6-88250-190-6|NATURE|1981-05-19|Houghton Mifflin Harcourt|107.99
157379751|4-69533-319-0|LITERARY-COLLECTIONS|1976-09-18|Woongjin ThinkBig|42.99
157379752|5-61920-757-9|POETRY|2015-10-31|Oxford University Press|113.99
157379753|5-96447-924-8|NATURE|1975-06-22|Sanoma|189.99
157379754|1-94728-448-5|BIOGRAPHY-AUTOBIOGRAPHY|2012-04-17|Reed Elsevier|176.99
157379755|6-77384-158-3|LAW|2011-05-15|Grupo Santillana|68.99
157379756|6-35507-792-5|DESIGN|2001-02-18|Saraiva|128.99
157379757|7-25023-751-5|LAW|2008-09-11|Wolters Kluwer|100.99
157379758|6-27210-336-0|COMICS-GRAPHIC-NOVELS|1983-01-02|Gakken|74.99
157379759|4-93281-403-4|STUDY-AIDS|1971-02-14|AST|184.99
157379760|9-75821-243-3|NATURE|1999-12-29|AST|57.99
157379761|3-57953-832-7|LITERARY-COLLECTIONS|2015-03-30|Kadokawa Publishing|142.99
157379762|7-85087-889-0|JUVENILE-NONFICTION|2007-12-28|Phoenix Publishing and Media Company|157.99
157379763|9-92274-589-4|PHOTOGRAPHY|1988-03-19|Haufe Gruppe|92.99
157379764|5-12632-861-4|MEDICAL|1973-05-30|Shogakukan|112.99
157379765|1-30293-739-3|DESIGN|1988-08-12|Simon & Schuster|110.99
157379766|7-18231-395-8|LITERARY-CRITICISM|2017-03-18|Saraiva|142.99
157379767|5-89891-658-7|MATHEMATICS|2016-02-12|Houghton Mifflin Harcourt|77.99
157379768|0-54878-357-2|LAW|1992-07-19|Reed Elsevier|196.99
157379769|5-69967-665-8|PSYCHOLOGY|1970-11-15|Hachette Livre|53.99
157379770|8-52621-318-5|HUMOR|1988-11-20|China Education and Media Group |38.99
157379771|3-85716-294-4|COMPUTERS|2007-06-04|Simon & Schuster|145.99
157379772|0-17280-617-4|LITERARY-CRITICISM|1996-11-01|Hachette Livre|118.99
157379773|3-36381-302-9|MATHEMATICS|2011-04-27|Shinchosha|16.99
157379774|9-94024-532-4|MEDICAL|1974-12-31|RCS Libri|36.99
157379775|9-83408-218-3|FICTION|1983-10-28|Haufe Gruppe|90.99
157379776|5-54399-431-5|LAW|2006-11-27|Editora FTD|133.99
157379777|3-93007-935-1|SELF-HELP|1994-04-09|Shinchosha|83.99
157379778|6-79717-599-4|HUMOR|1982-02-05|Haufe Gruppe|148.99
157379779|9-10377-139-9|DESIGN|1996-09-29|Weka|26.99
157379780|6-93901-884-5|NATURE|1983-06-24|Egmont Group|185.99
157379781|1-73432-635-6|MUSIC|1979-09-25|Kodansha|43.99
157379782|4-41227-672-0|GARDENING|1991-10-08|Saraiva|14.99
157379783|0-42934-551-7|SCIENCE|2013-11-25|Editions Atlas|37.99
157379784|5-78728-948-1|TRUE-CRIME|1991-11-24|Lefebvre-Sarrut|136.99
157379785|3-65947-432-2|CRAFTS-HOBBIES|1981-06-12|Egmont Group|31.99
157379786|2-43987-111-9|FAMILY-RELATIONSHIPS|2017-02-28|RCS Libri|158.99
157379787|8-98946-637-3|TRUE-CRIME|2005-09-12|Saraiva|151.99
157379788|3-28045-563-2|SPORTS-RECREATION|2008-09-26|Wiley|42.99
157379789|8-33640-911-9|ANTIQUES-COLLECTIBLES|2017-12-29|Cornelsen|137.99
157379790|2-41323-375-1|SCIENCE|1997-01-29|Cambridge University Press|118.99
157379791|9-38615-274-4|JUVENILE-FICTION|2012-01-05|Haufe Gruppe|128.99
157379792|7-93325-743-2|PSYCHOLOGY|1974-05-08|Shinchosha|197.99
157379793|2-12557-504-7|GARDENING|2006-10-08|Editora FTD|135.99
157379794|2-60494-635-4|JUVENILE-NONFICTION|2017-08-11|Groupe Albin Michel|150.99
157379795|8-27263-920-3|MEDICAL|1973-09-10|Wolters Kluwer|67.99
157379796|3-99478-159-4|JUVENILE-FICTION|1986-06-09|Cengage|180.99
157379797|1-19392-516-6|JUVENILE-NONFICTION|1986-10-14|Grupo Santillana|38.99
157379798|1-72891-655-2|COMPUTERS|1976-04-13|Weka|135.99
157379799|4-34947-444-7|LANGUAGE-ARTS-DISCIPLINES|1981-05-23|Shogakukan|119.99
157379800|6-94441-396-0|COMICS-GRAPHIC-NOVELS|1980-12-24|EKSMO|65.99
157379801|0-32914-461-4|BIBLES|1979-02-13|Shueisha|164.99
157379802|8-88119-153-1|RELIGION|2003-12-18|Hachette Livre|154.99
157379803|8-12117-502-5|PHOTOGRAPHY|1980-03-18|Kyowon|54.99
157379804|0-66795-755-8|ART|1978-08-10|Springer Science and Business Media|78.99
157379805|0-11991-402-5|HEALTH-FITNESS|2016-10-24|China Education and Media Group |161.99
157379806|9-71625-376-8|RELIGION|1988-01-28|Klett|72.99
157379807|6-36145-428-7|REFERENCE|1978-12-12|Kyowon|143.99
157379808|1-44114-766-9|POETRY|1989-08-15|Mondadori|103.99
157379809|6-20345-652-3|HUMOR|2015-04-08|AST|59.99
157379810|4-95929-583-7|GARDENING|1970-02-11|Grupo Planeta|96.99
157379811|2-58009-993-8|BUSINESS-ECONOMICS|1977-05-12|Springer Science and Business Media|126.99
157379812|7-79494-573-9|ART|2007-04-30|Groupe Albin Michel|128.99
157379813|0-36708-385-3|PERFORMING-ARTS|2011-02-09|Flammarion|91.99
157379814|4-77276-208-7|BIBLES|1985-04-16|Bungeishunju|174.99
157379815|7-91925-396-5|BODY-MIND-SPIRIT|1993-12-13|Pearson|47.99
157379816|7-99288-662-9|TRAVEL|1971-12-22|Sanoma|68.99
157379817|1-84084-119-8|STUDY-AIDS|2016-02-27|Groupe Gallimard|5.99
157379818|0-73175-716-8|COMPUTERS|1997-12-24|Kyowon|67.99
157379819|3-68274-886-1|NATURE|2008-05-04|Mondadori|122.99
157379820|6-60764-449-9|HISTORY|1971-12-22|Harlequin|183.99
157379821|9-97506-941-4|COOKING|1983-04-14|Harlequin|25.99
157379822|9-71607-663-3|CRAFTS-HOBBIES|1994-11-26|Egmont Group|77.99
157379823|4-83802-261-5|GAMES|1983-01-18|Kodansha|49.99
157379824|5-77671-721-3|LAW|1994-01-20|Groupe Albin Michel|105.99
157379825|5-55300-131-6|PETS|1979-09-09|EKSMO|123.99
157379826|0-23858-897-9|COMICS-GRAPHIC-NOVELS|2007-12-29|Egmont Group|106.99
157379827|8-10601-236-2|STUDY-AIDS|2002-08-15|Springer Science and Business Media|147.99
157379828|3-29228-986-7|TRAVEL|2007-05-30|Phoenix Publishing and Media Company|187.99
157379829|9-17356-607-0|BIBLES|1990-01-19|Pearson|167.99
157379830|2-57988-203-8|FICTION|1972-05-29|Phoenix Publishing and Media Company|53.99
157379831|9-69560-739-0|MATHEMATICS|2008-01-12|Klett|29.99
157379832|3-24385-924-3|BIBLES|1991-07-25|Perseus|45.99
157379833|3-12864-612-1|RELIGION|1990-07-16|EKSMO|141.99
157379834|6-34017-576-6|COOKING|2010-03-20|Saraiva|14.99
157379835|3-92714-967-0|ARCHITECTURE|2001-12-29|AST|120.99
157379836|1-23745-123-2|HUMOR|2017-11-15|Bungeishunju|103.99
157379837|6-46464-974-4|BUSINESS-ECONOMICS|1991-09-26|Holtzbrinck|188.99
157379838|2-60378-135-0|JUVENILE-FICTION|1972-07-15|Cambridge University Press|18.99
157379839|3-63181-387-6|ANTIQUES-COLLECTIBLES|2016-06-29|De Agostini Editore|80.99
157379840|5-96821-406-5|LAW|1981-05-29|Haufe Gruppe|29.99
157379841|6-38029-515-3|JUVENILE-NONFICTION|2009-10-18|Oxford University Press|187.99
157379842|6-14695-299-0|PERFORMING-ARTS|2000-04-13|Egmont Group|80.99
157379843|8-74755-574-8|PETS|2011-12-24|Kodansha|109.99
157379844|1-42876-174-1|SCIENCE|2001-03-01|Editions Atlas|56.99
157379845|8-42318-943-0|PERFORMING-ARTS|2010-08-18|Hachette Livre|151.99
157379846|8-11225-171-7|BIBLES|2000-10-02|Mondadori|180.99
157379847|3-72823-518-1|HUMOR|1989-06-03|Readers Digest|193.99
157379848|3-89708-335-1|JUVENILE-NONFICTION|2004-11-19|Phoenix Publishing and Media Company|167.99
157379849|4-61478-884-9|BODY-MIND-SPIRIT|1992-01-01|Flammarion|102.99
157379850|3-13425-200-0|TECHNOLOGY-ENGINEERING|1973-09-25|Phoenix Publishing and Media Company|70.99
157379851|9-93907-150-6|DRAMA|2007-04-14|Wiley|170.99
157379852|8-63068-405-1|BUSINESS-ECONOMICS|1973-08-14|Houghton Mifflin Harcourt|89.99
157379853|6-32488-881-1|COOKING|1990-06-11|Woongjin ThinkBig|149.99
157379854|1-73465-193-7|PSYCHOLOGY|1974-03-24|Grupo Santillana|170.99
157379855|1-26662-584-4|EDUCATION|2005-07-14|ThomsonReuters|143.99
157379856|7-33671-829-7|GAMES|1987-12-09|Cengage|32.99
157379857|8-95156-657-2|BIBLES|2015-06-20|Oxford University Press|137.99
157379858|9-23782-428-0|TECHNOLOGY-ENGINEERING|2007-04-01|RCS Libri|79.99
157379859|2-53179-648-0|LANGUAGE-ARTS-DISCIPLINES|1999-01-27|Haufe Gruppe|33.99
157379860|5-70390-972-1|PETS|1989-03-03|Gakken|49.99
157379861|9-75426-687-0|HUMOR|2006-03-18|Weka|198.99
157379862|5-31327-907-6|TECHNOLOGY-ENGINEERING|1981-04-06|Groupe Gallimard|120.99
157379863|2-18557-938-6|LITERARY-CRITICISM|2015-06-30|Lefebvre-Sarrut|98.99
157379864|6-67171-669-0|FAMILY-RELATIONSHIPS|1983-06-11|Reed Elsevier|147.99
157379865|2-13269-729-2|HEALTH-FITNESS|2013-05-20|Westermann Verlagsgruppe|59.99
157379866|6-36661-295-9|GAMES|1971-09-16|Wolters Kluwer|35.99
157379867|3-89615-784-7|PSYCHOLOGY|1986-06-10|Grupo Planeta|46.99
157379868|3-91854-187-0|FOREIGN-LANGUAGE-STUDY|1987-03-17|Egmont Group|64.99
157379869|0-65939-517-6|JUVENILE-NONFICTION|1973-02-04|Pearson|8.99
157379870|8-87016-763-9|HOUSE-HOME|2004-01-22|Random House|108.99
157379871|5-57968-956-3|DESIGN|1985-04-24|Weka|158.99
157379872|5-95301-870-8|FOREIGN-LANGUAGE-STUDY|1977-08-05|Grupo Santillana|179.99
157379873|2-77127-116-4|PERFORMING-ARTS|1988-05-20|Shinchosha|176.99
157379874|9-11595-873-8|PSYCHOLOGY|2006-07-30|Klett|101.99
157379875|3-98485-317-8|POETRY|2011-08-11|De Agostini Editore|162.99
157379876|1-61453-915-5|SPORTS-RECREATION|2008-08-25|Cambridge University Press|54.99
157379877|9-94001-439-8|LANGUAGE-ARTS-DISCIPLINES|1988-11-11|Saraiva|132.99
157379878|2-14925-692-6|BIOGRAPHY-AUTOBIOGRAPHY|1980-04-26|Cornelsen|47.99
157379879|5-16214-448-1|BUSINESS-ECONOMICS|2000-10-10|Shogakukan|138.99
157379880|7-20895-839-8|TRAVEL|2001-07-08|Shueisha|54.99
157379881|7-37197-604-2|PSYCHOLOGY|1991-11-22|Phoenix Publishing and Media Company|178.99
157379882|4-90556-381-9|COOKING|2018-01-03|Holtzbrinck|147.99
157379883|1-51107-387-0|COOKING|1981-05-17|Shueisha|75.99
157379884|8-51640-985-4|MEDICAL|1999-11-05|Informa|128.99
157379885|1-79287-699-4|PERFORMING-ARTS|1970-07-30|Springer Science and Business Media|114.99
157379886|6-25342-608-3|MUSIC|1990-10-11|Informa|172.99
157379887|2-97016-126-0|COMICS-GRAPHIC-NOVELS|1975-06-15|Haufe Gruppe|125.99
157379888|5-48570-396-5|ANTIQUES-COLLECTIBLES|2008-07-01|Wiley|93.99
157379889|9-88439-938-7|ARCHITECTURE|1977-03-15|China Publishing Group Corporate|53.99
157379890|4-46758-577-9|MATHEMATICS|2002-09-10|Cornelsen|195.99
157379891|6-35699-926-3|TRANSPORTATION|1981-06-28|Kyowon|176.99
157379892|0-54208-643-6|FAMILY-RELATIONSHIPS|1970-11-30|Cambridge University Press|31.99
157379893|9-24273-323-8|TRANSPORTATION|1976-04-10|Pearson|105.99
157379894|4-12471-673-4|EDUCATION|2010-02-03|Bungeishunju|107.99
157379895|8-56686-411-2|LAW|1976-02-17|RCS Libri|23.99
157379896|0-99082-948-2|BIBLES|2014-07-01|Oxford University Press|170.99
157379897|5-24205-676-6|COOKING|2008-03-13|Pearson|64.99
157379898|6-55265-450-8|TRANSPORTATION|2016-05-06|Grupo Santillana|161.99
157379899|0-70288-433-3|JUVENILE-FICTION|1988-06-11|Grupo Planeta|172.99
157379900|2-54637-696-9|LAW|2013-04-15|Bonnier|168.99
157379901|2-33116-397-3|NATURE|2016-02-01|Westermann Verlagsgruppe|55.99
157379902|9-15279-349-7|MUSIC|2001-01-12|Harlequin|193.99
157379903|7-27847-139-6|PSYCHOLOGY|2009-03-04|Wiley|115.99
157379904|5-12174-446-3|TRANSPORTATION|1985-09-04|Reed Elsevier|40.99
157379905|5-89619-546-9|JUVENILE-NONFICTION|1994-01-23|China Education and Media Group |142.99
157379906|8-29154-134-6|PHOTOGRAPHY|1994-07-02|Lefebvre-Sarrut|102.99
157379907|1-22697-176-5|JUVENILE-NONFICTION|1996-04-23|De Agostini Editore|142.99
157379908|2-31923-264-9|ANTIQUES-COLLECTIBLES|1985-07-20|Bonnier|40.99
157379909|9-48985-779-1|POETRY|1979-05-25|Perseus|20.99
157379910|8-19413-660-3|TRANSPORTATION|2007-08-23|Egmont Group|14.99
157379911|9-89840-388-0|BUSINESS-ECONOMICS|1993-03-25|China Publishing Group Corporate|64.99
157379912|9-46573-763-1|SELF-HELP|2005-02-16|EKSMO|90.99
157379913|5-45109-834-1|HOUSE-HOME|1980-10-14|McGraw-Hill Education|178.99
157379914|8-69140-849-7|DESIGN|1989-04-01|Bungeishunju|109.99
157379915|5-26348-319-4|ART|2010-10-04|China Publishing Group Corporate|75.99
157379916|9-57934-999-8|JUVENILE-FICTION|1987-01-09|Bonnier|147.99
157379917|3-91690-887-8|TRANSPORTATION|1995-04-20|China Publishing Group Corporate|31.99
157379918|2-65970-469-0|JUVENILE-FICTION|1973-03-12|Random House|34.99
157379919|0-61386-480-6|PETS|2008-02-16|Pearson|88.99
157379920|1-83291-296-2|ANTIQUES-COLLECTIBLES|1993-11-19|Bonnier|151.99
157379921|1-99851-504-7|LITERARY-COLLECTIONS|2000-04-18|Shogakukan|138.99
157379922|8-46030-138-5|DRAMA|1989-08-15|Hachette Livre|107.99
157379923|2-60459-925-4|DESIGN|2004-04-14|Wolters Kluwer|73.99
157379924|0-39606-292-3|MUSIC|2001-02-11|Pearson|81.99
157379925|3-55346-276-2|POETRY|1993-01-07|Lefebvre-Sarrut|50.99
157379926|6-10698-998-4|BODY-MIND-SPIRIT|2007-01-11|OLMA Media Group|97.99
157379927|0-63352-115-1|GARDENING|1970-08-06|Lefebvre-Sarrut|145.99
157379928|3-90547-863-5|COOKING|1978-07-13|Cambridge University Press|73.99
157379929|9-91124-382-4|PHOTOGRAPHY|2006-07-28|China Education and Media Group |88.99
157379930|7-49232-553-9|COMICS-GRAPHIC-NOVELS|1990-06-21|Groupe Gallimard|24.99
157379931|4-36809-430-0|MEDICAL|1975-03-23|Mondadori|43.99
157379932|3-51820-574-8|RELIGION|2002-05-31|Cornelsen|50.99
157379933|1-40088-356-4|EDUCATION|1974-11-25|Cambridge University Press|132.99
157379934|6-54907-419-0|FOREIGN-LANGUAGE-STUDY|1991-12-19|Scholastic |133.99
157379935|0-95517-179-3|SCIENCE|1979-09-01|Sanoma|68.99
157379936|9-78395-926-7|RELIGION|1976-12-21|Kadokawa Publishing|19.99
157379937|8-72349-249-2|ART|1977-01-12|Media Participations|99.99
157379938|9-61270-663-9|PHILOSOPHY|1995-12-13|ThomsonReuters|49.99
157379939|6-40812-731-3|SELF-HELP|2014-07-16|Groupe Albin Michel|55.99
157379940|3-27467-548-8|ART|2008-03-12|Egmont Group|59.99
157379941|9-27955-953-7|STUDY-AIDS|2009-06-30|Cengage|138.99
157379942|8-78668-587-2|SCIENCE|1986-03-03|Groupe Gallimard|184.99
157379943|4-42560-679-9|TECHNOLOGY-ENGINEERING|2001-08-27|Westermann Verlagsgruppe|118.99
157379944|1-99571-398-0|FICTION|1975-11-16|Kyowon|67.99
157379945|0-73353-307-8|PSYCHOLOGY|2014-10-25|Grupo Planeta|167.99
157379946|5-14181-586-7|LANGUAGE-ARTS-DISCIPLINES|1985-05-07|Harlequin|13.99
157379947|3-59515-249-6|SOCIAL-SCIENCE|1983-03-25|Lefebvre-Sarrut|131.99
157379948|8-67993-867-0|EDUCATION|2005-03-30|Haufe Gruppe|169.99
157379949|8-21102-865-1|FICTION|1988-04-07|Holtzbrinck|47.99
157379950|7-49584-104-0|CRAFTS-HOBBIES|1990-03-13|Simon & Schuster|84.99
157379951|3-27674-438-5|PHILOSOPHY|1973-02-14|Media Participations|195.99
157379952|5-69398-244-0|POLITICAL-SCIENCE|1991-08-12|Wolters Kluwer|87.99
157379953|6-67659-132-5|POETRY|2009-04-04|Cengage|170.99
157379954|5-24314-320-7|FOREIGN-LANGUAGE-STUDY|1991-07-29|Groupe Albin Michel|144.99
157379955|4-97279-194-5|PETS|1994-11-28|AST|99.99
157379956|6-96964-323-8|TRUE-CRIME|2012-05-31|Wiley|162.99
157379957|1-54820-195-2|PSYCHOLOGY|1973-03-19|Readers Digest|126.99
157379958|0-42818-948-9|TRANSPORTATION|2007-04-22|China Education and Media Group |54.99
157379959|0-19414-758-2|HISTORY|1991-04-03|Wiley|120.99
157379960|5-52873-113-0|PERFORMING-ARTS|1994-06-30|Reed Elsevier|36.99
157379961|2-44998-902-0|POETRY|1973-05-02|Kodansha|107.99
157379962|3-91374-228-8|DRAMA|2003-12-23|China Publishing Group Corporate|84.99
157379963|7-42149-372-3|TRAVEL|2013-11-30|Shueisha|152.99
157379964|4-87173-985-9|HISTORY|1970-07-17|Oxford University Press|140.99
157379965|8-42755-148-9|PSYCHOLOGY|1986-07-19|Scholastic |118.99
157379966|6-56743-305-4|HISTORY|1999-05-10|Lefebvre-Sarrut|63.99
157379967|8-40766-549-7|MATHEMATICS|1977-02-16|Cengage|32.99
157379968|1-34792-707-8|PSYCHOLOGY|1993-07-08|Springer Science and Business Media|109.99
157379969|5-89746-250-2|SOCIAL-SCIENCE|1996-12-17|Grupo Santillana|99.99
157379970|0-85189-466-2|HUMOR|1994-03-16|Shueisha|111.99
157379971|4-88393-800-4|SPORTS-RECREATION|1974-12-20|Klett|5.99
157379972|9-91649-737-6|SPORTS-RECREATION|1982-12-24|Editions Atlas|159.99
157379973|4-96683-682-6|TRAVEL|1977-07-28|Mondadori|171.99
157379974|4-59631-880-5|PETS|2009-06-10|Perseus|194.99
157379975|0-92995-824-7|LITERARY-CRITICISM|1973-10-10|Cambridge University Press|107.99
157379976|9-53612-536-8|HISTORY|1973-08-09|EKSMO|64.99
157379977|0-36999-505-4|RELIGION|1984-12-31|Egmont Group|159.99
157379978|6-69403-430-9|MATHEMATICS|1982-10-23|Pearson|102.99
157379979|1-76939-701-3|GAMES|1989-10-02|Flammarion|99.99
157379980|9-93732-619-4|TRUE-CRIME|2009-04-23|Saraiva|61.99
157379981|4-55646-585-7|GAMES|1972-10-04|Sanoma|169.99
157379982|2-46469-824-7|PHILOSOPHY|2004-07-19|Mondadori|115.99
157379983|0-50244-739-9|FOREIGN-LANGUAGE-STUDY|1991-03-16|Phoenix Publishing and Media Company|40.99
157379984|3-23208-157-7|FAMILY-RELATIONSHIPS|2005-03-07|Holtzbrinck|99.99
157379985|2-14722-888-1|BUSINESS-ECONOMICS|2008-09-12|OLMA Media Group|70.99
157379986|9-58678-340-4|HISTORY|1977-12-11|Sanoma|187.99
157379987|9-91981-915-6|FAMILY-RELATIONSHIPS|2013-11-29|Random House|46.99
157379988|3-15941-196-5|COMPUTERS|1987-01-15|Weka|172.99
157379989|7-60288-866-8|DESIGN|2016-01-03|Weka|147.99
157379990|6-15403-867-9|MUSIC|1993-11-30|Phoenix Publishing and Media Company|145.99
157379991|1-21396-931-6|POETRY|2010-03-07|Oxford University Press|160.99
157379992|4-47816-571-0|JUVENILE-FICTION|1991-02-13|Informa|62.99
157379993|8-22031-413-6|BIBLES|1993-02-13|Pearson|179.99
157379994|9-87768-339-1|GARDENING|2016-01-25|Springer Science and Business Media|14.99
157379995|5-88849-749-8|JUVENILE-FICTION|1978-10-26|Readers Digest|9.99
157379996|1-45014-257-4|TRUE-CRIME|1977-03-26|Oxford University Press|77.99
157379997|7-14568-511-7|BODY-MIND-SPIRIT|1982-03-01|Scholastic |133.99
157379998|6-22384-386-7|HUMOR|2004-04-08|Grupo Santillana|104.99
157379999|8-95095-341-0|GARDENING|2010-09-18|Wolters Kluwer|199.99
157380000|1-39025-604-9|EDUCATION|2011-04-29|Phoenix Publishing and Media Company|197.99
157380001|4-45932-888-7|TECHNOLOGY-ENGINEERING|2012-11-10|RCS Libri|185.99
157380002|1-69306-661-3|HUMOR|1980-09-12|Woongjin ThinkBig|182.99
157380003|5-54190-344-0|BIOGRAPHY-AUTOBIOGRAPHY|1984-01-03|Cengage|188.99
157380004|0-59361-881-1|STUDY-AIDS|1992-10-20|RCS Libri|116.99
157380005|9-21404-194-7|BIOGRAPHY-AUTOBIOGRAPHY|1980-11-06|Harper Collins|146.99
157380006|2-24890-979-0|NATURE|1989-01-21|Houghton Mifflin Harcourt|100.99
157380007|5-72084-664-5|HUMOR|1982-02-15|OLMA Media Group|12.99
157380008|6-17029-201-8|JUVENILE-NONFICTION|2001-06-24|Saraiva|181.99
157380009|7-42874-251-0|ARCHITECTURE|1986-10-13|Klett|62.99
157380010|9-27746-615-3|PERFORMING-ARTS|1987-01-13|Bonnier|60.99
157380011|9-86730-619-3|RELIGION|1989-04-24|Phoenix Publishing and Media Company|161.99
157380012|1-70204-441-6|ARCHITECTURE|1999-12-13|Perseus|74.99
157380013|1-62839-635-5|MEDICAL|2007-05-23|Perseus|137.99
157380014|8-17948-745-0|PHILOSOPHY|1985-11-07|Flammarion|147.99
157380015|8-46867-912-1|EDUCATION|2014-07-16|Saraiva|19.99
157380016|5-86557-297-2|JUVENILE-FICTION|1981-02-18|De Agostini Editore|150.99
157380017|1-91774-607-3|CRAFTS-HOBBIES|1997-12-01|Weka|84.99
157380018|5-26703-948-9|ART|1987-08-19|Groupe Gallimard|195.99
157380019|7-25471-734-3|JUVENILE-FICTION|2016-06-30|Informa|93.99
157380020|4-86727-474-4|CRAFTS-HOBBIES|2008-11-27|Saraiva|171.99
157380021|9-61941-546-8|JUVENILE-NONFICTION|1995-07-26|Hachette Livre|48.99
157380022|6-46882-291-0|FOREIGN-LANGUAGE-STUDY|2011-01-20|Editions Atlas|109.99
157380023|1-65054-806-6|CRAFTS-HOBBIES|1991-08-11|Editions Atlas|129.99
157380024|3-83693-723-5|STUDY-AIDS|1989-09-18|Klett|98.99
157380025|4-97339-110-3|FOREIGN-LANGUAGE-STUDY|2000-03-19|Oxford University Press|83.99
157380026|8-46072-538-5|GAMES|2013-04-25|Haufe Gruppe|86.99
157380027|1-13913-935-8|HISTORY|2016-11-09|Mondadori|89.99
157380028|9-71897-873-6|ARCHITECTURE|1994-04-04|Shueisha|192.99
157380029|9-37267-886-8|SOCIAL-SCIENCE|1994-03-13|Reed Elsevier|110.99
157380030|6-29937-147-9|MUSIC|1989-02-10|Phoenix Publishing and Media Company|143.99
157380031|4-16595-915-4|PERFORMING-ARTS|1971-07-16|Hachette Livre|133.99
157380032|3-62627-274-7|HOUSE-HOME|2000-05-20|Shogakukan|61.99
157380033|5-71832-611-8|FOREIGN-LANGUAGE-STUDY|2008-03-20|Klett|103.99
157380034|3-13921-914-8|ART|1997-04-29|ThomsonReuters|18.99
157380035|4-62757-872-9|COOKING|2002-08-25|Media Participations|190.99
157380036|9-17319-364-2|DRAMA|1973-12-18|Sanoma|160.99
157380037|9-95859-221-0|FICTION|1989-02-03|Oxford University Press|173.99
157380038|3-68665-457-9|HOUSE-HOME|2011-04-12|AST|40.99
157380039|7-68559-162-0|PHILOSOPHY|1975-07-24|Random House|97.99
157380040|4-86569-510-3|ART|2016-06-24|Klett|14.99
157380041|3-95823-406-0|MATHEMATICS|1977-02-06|Scholastic |12.99
157380042|4-84823-851-9|LITERARY-COLLECTIONS|2002-03-09|Reed Elsevier|32.99
157380043|2-24946-179-0|PSYCHOLOGY|1979-09-18|McGraw-Hill Education|105.99
157380044|0-45262-543-7|HUMOR|1975-06-14|Cambridge University Press|54.99
157380045|1-62244-194-7|RELIGION|1982-04-19|Kyowon|81.99
157380046|0-31171-808-7|COOKING|1974-02-22|China Publishing Group Corporate|76.99
157380047|9-19603-865-9|ART|1984-08-08|Harper Collins|97.99
157380048|5-44719-875-0|PSYCHOLOGY|2006-05-12|Reed Elsevier|41.99
157380049|7-57481-262-9|PERFORMING-ARTS|2006-04-28|Oxford University Press|182.99
157380050|7-96431-238-8|SCIENCE|2016-07-28|Pearson|18.99
157380051|9-94450-665-4|JUVENILE-FICTION|1990-07-15|Gakken|86.99
157380052|2-37092-303-0|BIBLES|1982-05-15|Random House|106.99
157380053|8-97437-499-1|COOKING|2001-01-26|Readers Digest|54.99
157380054|5-55795-206-5|BUSINESS-ECONOMICS|1993-08-15|Bonnier|163.99
157380055|6-57297-969-4|DRAMA|1982-02-20|Wiley|96.99
157380056|6-15011-831-4|CRAFTS-HOBBIES|1970-11-11|Groupe Albin Michel|154.99
157380057|4-65494-553-8|HOUSE-HOME|2007-08-22|Informa|70.99
157380058|5-92380-769-2|COOKING|2012-10-26|Harper Collins|83.99
157380059|1-68793-405-1|HOUSE-HOME|1983-01-01|Sanoma|165.99
157380060|5-33323-814-3|SPORTS-RECREATION|2011-04-12|Readers Digest|35.99
157380061|3-26354-821-6|PHILOSOPHY|2012-06-22|Kodansha|71.99
157380062|6-81495-440-5|MEDICAL|1982-10-06|Bonnier|41.99
157380063|6-92190-418-4|HEALTH-FITNESS|1996-09-10|Hachette Livre|95.99
157380064|1-12778-683-4|BUSINESS-ECONOMICS|2003-08-30|Oxford University Press|93.99
157380065|8-13682-900-1|TECHNOLOGY-ENGINEERING|1994-06-07|OLMA Media Group|119.99
157380066|3-42423-611-3|GAMES|1977-05-08|ThomsonReuters|139.99
157380067|1-79547-283-1|ART|2000-01-11|Cengage|44.99
157380068|4-45119-248-7|HOUSE-HOME|2016-07-14|De Agostini Editore|7.99
157380069|4-81131-507-7|TRUE-CRIME|1992-10-21|Hachette Livre|128.99
157380070|1-49239-670-6|BODY-MIND-SPIRIT|1996-09-27|Pearson|36.99
157380071|0-34560-388-7|MEDICAL|1972-10-11|McGraw-Hill Education|153.99
157380072|0-72180-958-3|TECHNOLOGY-ENGINEERING|1972-10-24|Scholastic |24.99
157380073|2-13488-297-5|PHOTOGRAPHY|1996-02-28|Sanoma|185.99
157380074|4-28229-517-9|POLITICAL-SCIENCE|1973-05-01|Lefebvre-Sarrut|118.99
157380075|8-50416-830-8|POLITICAL-SCIENCE|2010-10-01|Groupe Gallimard|91.99
157380076|3-34260-602-5|BODY-MIND-SPIRIT|2001-04-10|AST|70.99
157380077|1-59938-588-2|COOKING|2005-06-02|Sanoma|28.99
157380078|0-91988-565-7|FAMILY-RELATIONSHIPS|1971-02-18|Shueisha|148.99
157380079|4-80368-437-8|HISTORY|1979-05-04|Weka|65.99
157380080|4-30989-635-2|PHILOSOPHY|2002-11-29|Shueisha|128.99
157380081|5-37121-216-2|TRAVEL|2016-01-15|Cengage|77.99
157380082|6-12324-508-2|SOCIAL-SCIENCE|2002-06-23|Lefebvre-Sarrut|66.99
157380083|3-45426-882-5|HEALTH-FITNESS|1982-10-02|Bonnier|111.99
157380084|2-26521-737-2|LAW|1970-08-02|Wiley|123.99
157380085|1-18420-373-1|LAW|2008-05-17|China Publishing Group Corporate|174.99
157380086|6-91754-723-7|HISTORY|1997-06-29|Holtzbrinck|66.99
157380087|5-20984-890-1|MEDICAL|1975-11-20|Oxford University Press|164.99
157380088|6-68775-746-9|FOREIGN-LANGUAGE-STUDY|1975-02-12|Cambridge University Press|100.99
157380089|2-32332-511-3|POETRY|1989-01-19|Random House|166.99
157380090|1-52879-352-5|RELIGION|1992-09-12|ThomsonReuters|75.99
157380091|0-39244-995-9|LAW|1996-08-13|Houghton Mifflin Harcourt|91.99
157380092|6-29160-928-1|SOCIAL-SCIENCE|1993-10-12|Harlequin|155.99
157380093|0-94494-448-0|STUDY-AIDS|1990-01-09|Shogakukan|177.99
157380094|9-29550-339-5|SCIENCE|2012-03-07|Shogakukan|104.99
157380095|1-41076-158-5|PHILOSOPHY|1980-09-20|Simon & Schuster|86.99
157380096|2-34033-461-9|GARDENING|2011-10-12|Kyowon|30.99
157380097|7-24646-594-3|GAMES|1977-01-25|Grupo Santillana|29.99
157380098|7-88118-222-1|JUVENILE-FICTION|1994-04-17|Media Participations|177.99
157380099|8-43932-313-0|SELF-HELP|1970-08-07|Cambridge University Press|96.99
157380100|0-95029-887-4|ARCHITECTURE|2005-12-18|China Publishing Group Corporate|180.99
157380101|5-14448-608-4|EDUCATION|1988-08-05|Cornelsen|101.99
157380102|1-28337-481-9|TECHNOLOGY-ENGINEERING|1995-06-13|Media Participations|171.99
157380103|8-65108-771-9|BIBLES|1992-05-15|Sanoma|153.99
157380104|6-19187-782-9|GAMES|1995-08-20|Groupe Albin Michel|99.99
157380105|0-55226-697-2|LANGUAGE-ARTS-DISCIPLINES|1999-08-05|Groupe Gallimard|181.99
157380106|9-40759-316-0|BUSINESS-ECONOMICS|1986-02-09|Oxford University Press|38.99
157380107|6-72160-370-1|BIOGRAPHY-AUTOBIOGRAPHY|2011-08-08|Editora FTD|60.99
157380108|4-12571-817-2|JUVENILE-NONFICTION|2012-09-18|Wolters Kluwer|76.99
157380109|7-44717-647-6|ART|2006-08-22|Random House|6.99
157380110|4-48571-999-1|ARCHITECTURE|1972-03-29|Lefebvre-Sarrut|43.99
157380111|3-98550-381-0|FAMILY-RELATIONSHIPS|1996-01-21|Perseus|192.99
157380112|1-52992-157-4|JUVENILE-NONFICTION|2004-07-30|Klett|182.99
157380113|2-68977-957-0|MATHEMATICS|2011-11-05|China Publishing Group Corporate|130.99
157380114|7-12169-680-2|HEALTH-FITNESS|1996-05-25|Sanoma|171.99
157380115|3-76699-300-0|REFERENCE|1971-11-13|Wiley|66.99
157380116|7-92626-908-9|BIBLES|1994-04-29|Woongjin ThinkBig|53.99
157380117|0-65335-571-4|HISTORY|1977-06-26|Phoenix Publishing and Media Company|52.99
157380118|5-54322-764-6|COMPUTERS|1985-03-16|Mondadori|24.99
157380119|1-14559-798-2|COOKING|1989-09-30|RCS Libri|79.99
157380120|5-88900-761-3|TRUE-CRIME|2012-06-17|ThomsonReuters|25.99
157380121|1-60921-475-4|LAW|1990-07-05|Flammarion|42.99
157380122|5-95933-696-7|DRAMA|2004-04-28|Harlequin|158.99
157380123|7-82031-661-0|GARDENING|1983-03-04|Wolters Kluwer|167.99
157380124|7-16909-406-8|HEALTH-FITNESS|1974-11-12|Perseus|95.99
157380125|8-86965-987-4|LAW|2009-10-22|Pearson|192.99
157380126|2-48769-339-9|TRAVEL|1989-02-26|Klett|153.99
157380127|4-52002-945-9|BIOGRAPHY-AUTOBIOGRAPHY|1981-06-03|Sanoma|191.99
157380128|5-17492-787-5|DRAMA|1998-07-09|Westermann Verlagsgruppe|27.99
157380129|4-70417-630-3|HISTORY|1996-04-29|Saraiva|183.99
157380130|7-94204-405-6|PERFORMING-ARTS|1993-10-04|Haufe Gruppe|53.99
157380131|2-63747-626-8|TRANSPORTATION|1999-05-06|Holtzbrinck|29.99
157380132|5-52340-535-2|MUSIC|1987-08-21|McGraw-Hill Education|135.99
157380133|1-24432-468-5|TECHNOLOGY-ENGINEERING|2000-11-07|Westermann Verlagsgruppe|27.99
157380134|8-21410-743-1|FOREIGN-LANGUAGE-STUDY|2016-06-28|Wolters Kluwer|140.99
157380135|2-11494-591-1|COMPUTERS|1985-02-04|Wiley|26.99
157380136|9-96849-360-6|PSYCHOLOGY|2001-02-10|Lefebvre-Sarrut|128.99
157380137|0-49545-284-9|HEALTH-FITNESS|1987-12-14|Perseus|76.99
157380138|0-28411-146-6|SOCIAL-SCIENCE|2000-09-13|Perseus|162.99
157380139|3-73822-285-1|PHILOSOPHY|1973-04-30|Scholastic |194.99
157380140|8-68671-667-0|ANTIQUES-COLLECTIBLES|1994-12-18|Grupo Planeta|65.99
157380141|7-59760-269-3|GARDENING|1971-01-31|Holtzbrinck|44.99
157380142|0-38534-231-9|HISTORY|1974-03-01|Groupe Gallimard|66.99
157380143|6-21554-505-6|LANGUAGE-ARTS-DISCIPLINES|1978-06-15|EKSMO|171.99
157380144|2-74598-582-7|COOKING|1980-05-25|Cornelsen|9.99
157380145|8-61109-230-9|LAW|2010-12-30|AST|87.99
157380146|8-89995-720-7|PHOTOGRAPHY|1978-11-06|Harlequin|24.99
157380147|4-45544-932-8|TRANSPORTATION|1983-12-16|Westermann Verlagsgruppe|18.99
157380148|8-78028-202-9|MATHEMATICS|1989-10-14|OLMA Media Group|109.99
157380149|6-98466-867-3|STUDY-AIDS|2013-05-02|China Publishing Group Corporate|86.99
157380150|5-19063-737-3|LANGUAGE-ARTS-DISCIPLINES|1982-06-06|Harper Collins|17.99
157380151|0-70915-592-0|DRAMA|2013-08-04|Saraiva|127.99
157380152|0-48934-154-1|PERFORMING-ARTS|1974-09-15|Springer Science and Business Media|115.99
157380153|5-95145-214-8|PSYCHOLOGY|1973-01-28|Holtzbrinck|146.99
157380154|1-96146-411-9|EDUCATION|1975-11-13|EKSMO|67.99
157380155|3-82446-492-6|TRAVEL|1971-08-26|Readers Digest|48.99
157380156|1-37331-314-8|FICTION|2011-03-18|Saraiva|151.99
157380157|9-25027-838-9|TECHNOLOGY-ENGINEERING|1973-06-12|Grupo Santillana|23.99
157380158|5-73885-338-3|LAW|1996-08-31|AST|168.99
157380159|3-80675-684-8|TECHNOLOGY-ENGINEERING|1982-05-02|Gakken|10.99
157380160|0-36400-510-4|COMPUTERS|2002-05-25|EKSMO|68.99
157380161|2-44525-255-3|BUSINESS-ECONOMICS|2003-06-13|Haufe Gruppe|129.99
157380162|2-53971-142-5|REFERENCE|1999-07-05|Editions Atlas|35.99
157380163|0-26014-902-5|ARCHITECTURE|2009-06-03|Hachette Livre|127.99
157380164|8-87978-534-1|MEDICAL|1975-01-11|Gakken|194.99
157380165|6-22596-586-4|HEALTH-FITNESS|2001-08-26|Groupe Albin Michel|191.99
157380166|8-75815-631-4|SOCIAL-SCIENCE|2008-07-18|McGraw-Hill Education|80.99
157380167|3-43810-739-0|FICTION|1980-07-03|ThomsonReuters|101.99
157380168|3-88907-234-4|REFERENCE|1981-01-15|Kodansha|191.99
157380169|8-13913-717-8|HISTORY|2011-09-16|Informa|178.99
157380170|6-81597-698-8|RELIGION|2003-10-25|Harlequin|60.99
157380171|2-74101-394-6|MUSIC|1975-09-10|EKSMO|14.99
157380172|9-65036-555-0|BIOGRAPHY-AUTOBIOGRAPHY|2013-07-13|Cengage|160.99
157380173|2-37927-816-2|EDUCATION|2000-05-23|Wolters Kluwer|110.99
157380174|3-16782-492-1|BODY-MIND-SPIRIT|1991-10-25|Lefebvre-Sarrut|60.99
157380175|5-41855-820-0|POLITICAL-SCIENCE|1985-07-05|Harlequin|84.99
157380176|2-65226-861-2|MATHEMATICS|1973-08-13|Grupo Planeta|158.99
157380177|5-59496-631-6|LITERARY-CRITICISM|1975-08-24|Simon & Schuster|194.99
157380178|3-16420-306-4|REFERENCE|1983-04-08|Hachette Livre|191.99
157380179|6-95127-740-7|NATURE|2010-10-29|Saraiva|17.99
157380180|8-23425-357-3|DESIGN|2015-04-25|Oxford University Press|11.99
157380181|1-22688-972-5|BODY-MIND-SPIRIT|2010-11-06|Cambridge University Press|106.99
157380182|8-29879-291-4|MEDICAL|1983-12-02|Houghton Mifflin Harcourt|121.99
157380183|5-88254-993-9|TECHNOLOGY-ENGINEERING|1981-11-07|Sanoma|111.99
157380184|7-68554-520-6|HEALTH-FITNESS|1982-11-10|Kodansha|101.99
157380185|4-61912-735-2|POETRY|2017-09-19|Shinchosha|50.99
157380186|5-52490-514-8|JUVENILE-FICTION|2011-06-27|Kadokawa Publishing|198.99
157380187|5-41509-834-3|COMPUTERS|1988-02-18|Grupo Santillana|83.99
157380188|5-36041-550-4|NATURE|1975-02-18|Phoenix Publishing and Media Company|128.99
157380189|7-67556-960-0|SELF-HELP|1980-07-18|Kadokawa Publishing|197.99
157380190|5-14830-268-1|BIOGRAPHY-AUTOBIOGRAPHY|1974-04-08|Perseus|167.99
157380191|7-79251-698-9|SELF-HELP|1994-06-12|Holtzbrinck|37.99
157380192|0-33648-704-3|MEDICAL|2014-09-17|Gakken|98.99
157380193|1-37511-262-0|BODY-MIND-SPIRIT|2005-10-31|Cornelsen|182.99
157380194|9-55913-127-1|BIOGRAPHY-AUTOBIOGRAPHY|2017-01-17|Cambridge University Press|185.99
157380195|2-85527-166-0|HISTORY|1976-11-07|Westermann Verlagsgruppe|80.99
157380196|3-41793-972-1|LAW|1974-09-23|Editora FTD|70.99
157380197|0-78475-700-6|SOCIAL-SCIENCE|1970-12-19|Sanoma|19.99
157380198|9-90844-557-8|FAMILY-RELATIONSHIPS|2007-09-06|Westermann Verlagsgruppe|61.99
157380199|3-52932-576-9|JUVENILE-NONFICTION|1981-05-29|Grupo Planeta|113.99
157380200|5-56860-855-4|COMPUTERS|1992-01-31|Wiley|160.99
157380201|9-24854-958-6|LITERARY-COLLECTIONS|1988-01-08|Reed Elsevier|172.99
157380202|1-64663-207-3|ARCHITECTURE|1973-06-05|Groupe Gallimard|173.99
157380203|1-94322-617-6|PHOTOGRAPHY|1990-10-13|Woongjin ThinkBig|68.99
157380204|6-44078-378-6|MUSIC|2008-01-19|Kadokawa Publishing|166.99
157380205|5-14271-789-1|RELIGION|2007-05-31|Westermann Verlagsgruppe|88.99
157380206|5-52418-891-2|ANTIQUES-COLLECTIBLES|1993-10-30|Grupo Santillana|169.99
157380207|6-55226-927-8|BIBLES|1971-09-28|China Publishing Group Corporate|135.99
157380208|0-19209-123-5|FAMILY-RELATIONSHIPS|1971-04-21|Weka|38.99
157380209|5-84792-362-2|FAMILY-RELATIONSHIPS|1982-01-24|Cornelsen|88.99
157380210|4-75697-653-9|ANTIQUES-COLLECTIBLES|1993-06-29|Simon & Schuster|45.99
157380211|1-30258-849-6|ARCHITECTURE|2009-12-11|Informa|95.99
157380212|8-50061-674-2|MEDICAL|1971-11-30|Grupo Santillana|12.99
157380213|8-44797-637-0|FAMILY-RELATIONSHIPS|1980-06-04|Cornelsen|37.99
157380214|1-41084-962-8|PERFORMING-ARTS|1982-03-10|Kadokawa Publishing|173.99
157380215|7-30318-145-8|TRANSPORTATION|1978-03-02|Mondadori|148.99
157380216|8-45531-743-3|PHOTOGRAPHY|1988-11-11|OLMA Media Group|90.99
157380217|9-97458-806-0|HUMOR|2012-09-27|Bungeishunju|82.99
157380218|5-83953-489-2|BIBLES|2010-06-26|Pearson|30.99
157380219|7-88320-205-9|EDUCATION|2004-12-27|Kodansha|110.99
157380220|0-88394-903-2|COMPUTERS|1976-09-05|De Agostini Editore|169.99
157380221|7-77218-547-6|PHILOSOPHY|2000-06-15|Kodansha|90.99
157380222|2-69872-970-8|COMICS-GRAPHIC-NOVELS|1977-04-13|RCS Libri|180.99
157380223|9-74191-897-4|ARCHITECTURE|2009-07-15|Haufe Gruppe|32.99
157380224|7-88416-307-7|POLITICAL-SCIENCE|1988-03-15|De Agostini Editore|46.99
157380225|9-77564-294-8|PSYCHOLOGY|1982-03-24|Shogakukan|198.99
157380226|3-34601-531-7|GARDENING|2013-05-08|McGraw-Hill Education|114.99
157380227|5-55035-872-0|MUSIC|1971-12-28|Media Participations|41.99
157380228|1-94471-387-3|NATURE|1974-10-23|Sanoma|101.99
157380229|6-67471-476-9|SELF-HELP|1995-02-07|Woongjin ThinkBig|83.99
157380230|8-55644-227-8|PETS|1996-05-14|Gakken|16.99
157380231|2-85289-554-1|HEALTH-FITNESS|1979-12-30|Grupo Planeta|120.99
157380232|4-71584-316-9|REFERENCE|1979-01-09|Harlequin|80.99
157380233|9-69468-839-6|ART|1972-03-13|Saraiva|166.99
157380234|5-87686-719-2|BODY-MIND-SPIRIT|1981-01-23|Gakken|155.99
157380235|9-71185-859-1|TECHNOLOGY-ENGINEERING|1970-05-08|Wolters Kluwer|133.99
157380236|3-91072-964-0|LITERARY-CRITICISM|1999-10-19|Kadokawa Publishing|161.99
157380237|0-43940-576-1|FOREIGN-LANGUAGE-STUDY|1989-06-06|Groupe Albin Michel|125.99
157380238|0-33532-755-8|HOUSE-HOME|1972-04-14|Random House|127.99
157380239|4-26413-550-5|BIBLES|1991-02-07|Groupe Albin Michel|162.99
157380240|6-77022-362-7|PERFORMING-ARTS|2010-08-14|Simon & Schuster|83.99
157380241|4-35856-757-2|EDUCATION|1986-09-20|Random House|182.99
157380242|8-80447-528-3|DESIGN|2004-02-04|Simon & Schuster|37.99
157380243|9-10181-928-3|FOREIGN-LANGUAGE-STUDY|1988-04-20|Sanoma|121.99
157380244|1-78382-709-4|POETRY|2012-07-24|Saraiva|109.99
157380245|6-48198-555-6|SELF-HELP|1998-04-13|Weka|79.99
157380246|9-26723-881-5|SPORTS-RECREATION|1976-06-13|Scholastic |98.99
157380247|5-14015-656-3|BIOGRAPHY-AUTOBIOGRAPHY|1974-10-26|Pearson|60.99
157380248|3-51478-424-4|NATURE|1979-02-16|Sanoma|151.99
157380249|8-77684-276-1|MUSIC|1999-01-31|Kadokawa Publishing|191.99
157380250|9-77364-525-4|GARDENING|1987-03-25|Flammarion|52.99
157380251|2-12218-776-6|MATHEMATICS|1981-05-03|Haufe Gruppe|153.99
157380252|7-46690-885-4|COMICS-GRAPHIC-NOVELS|2014-03-16|Egmont Group|74.99
157380253|9-60188-234-6|JUVENILE-NONFICTION|1988-05-28|Kyowon|193.99
157380254|4-21278-760-4|COMICS-GRAPHIC-NOVELS|1977-01-08|Cengage|32.99
157380255|8-76065-458-1|GARDENING|1970-02-14|Shueisha|154.99
157380256|7-57549-499-6|MATHEMATICS|1981-07-22|Wolters Kluwer|178.99
157380257|5-51494-731-6|GARDENING|1975-02-10|Oxford University Press|131.99
157380258|1-98224-257-2|JUVENILE-FICTION|1990-12-25|Pearson|142.99
157380259|7-20581-926-5|POETRY|1971-03-22|OLMA Media Group|111.99
157380260|8-83638-789-3|BIBLES|1973-02-26|Houghton Mifflin Harcourt|163.99
157380261|6-98684-800-9|DESIGN|2014-12-20|Gakken|101.99
157380262|0-15220-358-8|COMPUTERS|2006-12-15|Haufe Gruppe|140.99
157380263|7-34252-784-1|TRAVEL|1992-12-02|Egmont Group|72.99
157380264|4-31332-911-3|PHILOSOPHY|1993-01-26|Kadokawa Publishing|82.99
157380265|0-73720-876-0|DESIGN|1991-05-25|Cornelsen|136.99
157380266|8-49399-493-0|HISTORY|1997-02-20|China Education and Media Group |146.99
157380267|8-90046-646-7|HOUSE-HOME|1980-07-06|Phoenix Publishing and Media Company|80.99
157380268|3-92944-640-9|COMICS-GRAPHIC-NOVELS|2013-01-30|Harper Collins|160.99
157380269|8-80129-981-3|TECHNOLOGY-ENGINEERING|2007-02-04|Editora FTD|71.99
157380270|4-31993-897-7|COOKING|2012-11-01|Phoenix Publishing and Media Company|119.99
157380271|9-44102-836-3|GAMES|2004-04-26|Perseus|86.99
157380272|5-25750-264-3|BUSINESS-ECONOMICS|1985-05-20|Hachette Livre|94.99
157380273|1-68252-348-9|CRAFTS-HOBBIES|2016-08-02|Kyowon|58.99
157380274|3-98361-993-7|PETS|2015-05-15|Grupo Santillana|39.99
157380275|4-21966-668-0|RELIGION|1990-05-12|ThomsonReuters|181.99
157380276|6-52559-570-1|COMPUTERS|1975-07-23|Harlequin|34.99
157380277|6-28407-711-7|FAMILY-RELATIONSHIPS|1978-08-22|Mondadori|8.99
157380278|6-27863-884-2|BODY-MIND-SPIRIT|2007-08-03|Harlequin|156.99
157380279|8-11819-289-3|PERFORMING-ARTS|2016-09-21|Random House|66.99
157380280|2-79414-662-3|HOUSE-HOME|1995-02-05|AST|101.99
157380281|1-17992-596-4|COOKING|1970-01-26|Informa|129.99
157380282|5-57326-964-1|HOUSE-HOME|1983-05-08|Lefebvre-Sarrut|52.99
157380283|4-21040-979-6|REFERENCE|1971-03-30|Kyowon|72.99
157380284|2-15276-263-1|FOREIGN-LANGUAGE-STUDY|2009-03-08|Grupo Planeta|50.99
157380285|7-24044-536-1|FOREIGN-LANGUAGE-STUDY|1981-01-19|Reed Elsevier|51.99
157380286|9-11812-729-3|JUVENILE-FICTION|1971-05-22|Weka|70.99
157380287|1-25160-689-7|LAW|2001-09-23|Kadokawa Publishing|84.99
157380288|5-39586-954-7|FOREIGN-LANGUAGE-STUDY|1978-05-02|McGraw-Hill Education|48.99
157380289|0-99890-190-4|JUVENILE-NONFICTION|1971-11-24|Grupo Santillana|60.99
157380290|8-40952-851-5|MATHEMATICS|1975-11-23|Wolters Kluwer|24.99
157380291|5-90323-459-8|SPORTS-RECREATION|2000-05-07|OLMA Media Group|77.99
157380292|5-32363-875-5|NATURE|1975-10-16|McGraw-Hill Education|22.99
157380293|0-21695-286-1|MEDICAL|1984-07-25|Egmont Group|47.99
157380294|1-57280-181-9|PERFORMING-ARTS|1994-03-16|Groupe Gallimard|179.99
157380295|4-76329-667-1|EDUCATION|1985-01-05|Egmont Group|160.99
157380296|1-78068-614-1|LITERARY-CRITICISM|2007-11-25|AST|121.99
157380297|4-52964-566-8|ARCHITECTURE|1995-07-19|Shinchosha|134.99
157380298|3-10501-897-1|REFERENCE|2002-12-03|Bungeishunju|73.99
157380299|4-82693-647-4|MEDICAL|1979-02-02|EKSMO|22.99
157380300|3-79576-180-1|POETRY|1996-01-24|Scholastic |109.99
157380301|8-26483-468-9|PSYCHOLOGY|2004-10-04|Sanoma|51.99
157380302|0-38021-416-7|FOREIGN-LANGUAGE-STUDY|1997-07-01|Lefebvre-Sarrut|179.99
157380303|4-16977-734-6|POLITICAL-SCIENCE|1992-11-05|OLMA Media Group|64.99
157380304|5-65068-529-4|PETS|1972-04-19|Grupo Planeta|138.99
157380305|3-36824-354-5|STUDY-AIDS|1998-09-07|Cornelsen|128.99
157380306|5-61195-511-4|COOKING|1970-05-31|Saraiva|12.99
157380307|2-15511-725-0|MUSIC|1991-11-20|Grupo Planeta|140.99
157380308|4-83788-292-2|NATURE|1972-05-25|Kodansha|110.99
157380309|1-82139-863-2|COMPUTERS|2010-12-30|Grupo Planeta|125.99
157380310|2-64293-100-4|POLITICAL-SCIENCE|2011-10-09|China Publishing Group Corporate|108.99
157380311|9-20768-724-3|TRAVEL|1977-09-08|AST|140.99
157380312|3-79703-529-5|TRUE-CRIME|1996-08-30|Saraiva|133.99
157380313|5-73643-759-9|TRAVEL|2017-05-21|Shueisha|47.99
157380314|3-72794-247-6|DRAMA|1982-05-24|Grupo Santillana|110.99
157380315|1-73646-506-0|TRUE-CRIME|1978-11-13|Kyowon|137.99
157380316|6-16070-870-9|TRANSPORTATION|2012-08-12|Grupo Santillana|139.99
157380317|0-47454-350-3|GARDENING|1980-10-18|Holtzbrinck|105.99
157380318|5-92000-753-3|PSYCHOLOGY|2014-12-20|Bonnier|16.99
157380319|3-69837-217-6|SPORTS-RECREATION|2016-10-07|Shogakukan|23.99
157380320|7-98124-298-1|HISTORY|1982-09-30|Shinchosha|116.99
157380321|5-54365-402-0|FOREIGN-LANGUAGE-STUDY|2009-06-29|Groupe Gallimard|39.99
157380322|6-94799-876-8|TRAVEL|1993-11-21|Kodansha|136.99
157380323|1-69327-191-7|ANTIQUES-COLLECTIBLES|2015-01-20|ThomsonReuters|175.99
157380324|1-73618-373-3|DRAMA|2012-04-22|Westermann Verlagsgruppe|17.99
157380325|8-48979-279-5|SPORTS-RECREATION|1989-12-01|Shueisha|91.99
157380326|6-19740-874-1|BUSINESS-ECONOMICS|2007-08-24|Kyowon|162.99
157380327|2-21965-226-4|FOREIGN-LANGUAGE-STUDY|2009-05-21|Egmont Group|79.99
157380328|5-26538-253-6|LANGUAGE-ARTS-DISCIPLINES|1979-01-04|Mondadori|79.99
157380329|1-66541-569-3|HUMOR|2009-09-26|Wolters Kluwer|19.99
157380330|0-17164-827-8|MATHEMATICS|2006-12-28|China Publishing Group Corporate|76.99
157380331|9-63761-499-0|ART|1979-07-02|Klett|86.99
157380332|4-17334-914-6|ART|2014-05-24|Media Participations|160.99
157380333|1-32245-737-9|EDUCATION|2018-01-16|Egmont Group|57.99
157380334|8-64619-477-0|BODY-MIND-SPIRIT|2013-11-20|Informa|100.99
157380335|0-42712-536-7|GAMES|1987-09-30|Harper Collins|26.99
157380336|6-25980-587-2|PSYCHOLOGY|1997-11-02|Perseus|77.99
157380337|3-49584-739-6|MATHEMATICS|1970-03-27|Grupo Santillana|35.99
157380338|4-76673-745-7|MUSIC|2001-10-27|Kodansha|183.99
157380339|3-53757-219-9|LITERARY-COLLECTIONS|2015-02-12|Woongjin ThinkBig|125.99
157380340|9-39584-833-8|BIBLES|1990-07-20|Harlequin|16.99
157380341|3-95583-336-4|SOCIAL-SCIENCE|1993-08-20|Houghton Mifflin Harcourt|115.99
157380342|4-23385-757-1|SELF-HELP|1981-06-25|Kyowon|187.99
157380343|0-83386-803-8|POETRY|1987-01-29|China Education and Media Group |196.99
157380344|0-55110-589-4|FAMILY-RELATIONSHIPS|2016-11-23|Scholastic |12.99
157380345|2-33130-768-6|TRUE-CRIME|1977-04-20|Cengage|86.99
157380346|4-34950-243-4|RELIGION|1984-07-14|Wolters Kluwer|116.99
157380347|2-59488-421-4|MEDICAL|2009-10-30|Reed Elsevier|41.99
157380348|7-25626-158-7|HEALTH-FITNESS|1970-07-07|Shinchosha|161.99
157380349|1-38047-212-2|PSYCHOLOGY|1988-03-12|Grupo Planeta|121.99
157380350|4-39036-530-0|REFERENCE|2012-08-09|Kyowon|173.99
157380351|6-70702-683-7|SOCIAL-SCIENCE|2018-04-10|Mondadori|154.99
157380352|8-49718-918-5|REFERENCE|1983-05-08|Springer Science and Business Media|75.99
157380353|0-62625-619-6|LAW|1988-08-13|China Education and Media Group |152.99
157380354|2-10767-300-2|LITERARY-COLLECTIONS|2001-05-24|De Agostini Editore|171.99
157380355|6-67846-206-4|GAMES|1999-11-04|AST|88.99
157380356|7-69831-307-4|LITERARY-CRITICISM|1993-08-09|Kodansha|117.99
157380357|2-70805-631-9|COMICS-GRAPHIC-NOVELS|2002-02-13|Phoenix Publishing and Media Company|152.99
157380358|8-48131-125-0|BIOGRAPHY-AUTOBIOGRAPHY|1998-05-22|Oxford University Press|9.99
157380359|2-86675-551-8|STUDY-AIDS|2002-02-23|Wiley|129.99
157380360|0-21684-790-2|FOREIGN-LANGUAGE-STUDY|2001-01-06|Sanoma|17.99
157380361|0-37312-655-6|MEDICAL|1971-05-05|Kadokawa Publishing|52.99
157380362|1-61400-211-6|PSYCHOLOGY|1979-03-01|Sanoma|107.99
157380363|2-43407-637-0|LAW|2013-12-05|Bungeishunju|184.99
157380364|3-49572-375-5|PETS|1980-10-26|EKSMO|14.99
157380365|1-36452-683-9|COMICS-GRAPHIC-NOVELS|1991-07-05|Klett|117.99
157380366|2-27336-179-0|GARDENING|2016-06-06|Editora FTD|185.99
157380367|4-51721-117-7|LITERARY-CRITICISM|1991-11-07|Harper Collins|71.99
157380368|4-23443-476-8|SPORTS-RECREATION|1996-08-07|Reed Elsevier|57.99
157380369|1-72976-552-2|COMPUTERS|2013-08-14|Weka|157.99
157380370|8-39847-773-8|COMPUTERS|1999-01-26|Westermann Verlagsgruppe|186.99
157380371|6-24380-150-0|LAW|2002-08-15|Houghton Mifflin Harcourt|133.99
157380372|6-60905-227-0|REFERENCE|1999-11-21|Shueisha|113.99
157380373|0-46126-406-5|POLITICAL-SCIENCE|2013-06-04|Kodansha|128.99
157380374|5-49710-982-3|GARDENING|2004-08-30|Flammarion|6.99
157380375|0-36147-168-9|DRAMA|1975-07-28|Sanoma|195.99
157380376|7-64094-583-8|BIOGRAPHY-AUTOBIOGRAPHY|2012-05-30|Scholastic |145.99
157380377|4-44767-992-2|BODY-MIND-SPIRIT|2004-10-10|Random House|48.99
157380378|8-80766-374-1|MATHEMATICS|1982-09-29|Phoenix Publishing and Media Company|100.99
157380379|2-95154-109-1|BIBLES|2010-12-31|Harper Collins|190.99
157380380|8-64517-483-3|HISTORY|1971-10-20|Perseus|176.99
157380381|2-10170-223-8|EDUCATION|1997-01-25|EKSMO|96.99
157380382|6-10116-957-2|TRANSPORTATION|2004-01-25|McGraw-Hill Education|60.99
157380383|9-48470-355-2|COMICS-GRAPHIC-NOVELS|1981-09-12|Informa|117.99
157380384|0-27340-243-0|PSYCHOLOGY|2006-04-28|Woongjin ThinkBig|113.99
157380385|8-18476-522-9|ARCHITECTURE|1982-08-24|Shinchosha|52.99
157380386|6-15846-802-8|BIOGRAPHY-AUTOBIOGRAPHY|2015-08-29|Haufe Gruppe|67.99
157380387|5-97460-849-3|NATURE|1976-09-13|Weka|144.99
157380388|0-55702-156-5|COOKING|1993-05-03|Shueisha|33.99
157380389|0-27521-518-1|HISTORY|1970-04-15|Phoenix Publishing and Media Company|45.99
157380390|5-71089-255-6|HOUSE-HOME|1999-04-15|Shinchosha|150.99
157380391|0-88679-384-9|ART|2000-04-03|RCS Libri|43.99
157380392|2-99726-859-0|JUVENILE-NONFICTION|1982-12-17|Mondadori|19.99
157380393|6-50791-819-0|GAMES|1974-03-11|Holtzbrinck|154.99
157380394|0-69733-993-6|ART|1989-08-03|Harlequin|161.99
157380395|3-74155-113-2|MATHEMATICS|1997-09-20|Grupo Planeta|110.99
157380396|3-42191-215-6|MATHEMATICS|1991-03-19|AST|19.99